,id,genero,titulo,tipo,fecha
0,tt0062336,drama,El Tango del Viudo y Su Espejo Deformante,Movie,2-2020
1,tt0383477,drama,Love & Orgasms,Movie,7-2020
2,tt0425118,drama,I Know This Much Is True,TV Series,5-2020
3,tt0446792,drama,Surviving in L.A.,Movie,8-2020
4,tt0849437,drama,Duel of Legends,Movie,8-2020
5,tt0920462,drama,Lost Girls and Love Hotels,Movie,9-2020
6,tt10001184,drama,"""Gallavich!""",TV Episode,1-2020
7,tt10004744,drama,Chapter One: The Singing Bones,TV Episode,2-2020
8,tt10006418,drama,Avocado Toast the series,TV Series,5-2020
9,tt10004704,drama,Hiving the Bees,TV Episode,11-2020
10,tt0177220,drama,Shulie,Short,4-2015
12,tt0337926,drama,Chatô: O Rei do Brasil,Movie,11-2015
13,tt0346045,drama,Transeúntes,Movie,4-2015
15,tt0420293,drama,The Stanford Prison Experiment,Movie,7-2015
16,tt0462335,drama,High-Rise,Movie,6-2015
17,tt0787524,drama,The Man Who Knew Infinity,Movie,7-2015
18,tt0790770,drama,Miles Ahead,Movie,4-2015
19,tt0810819,drama,The Danish Girl,Movie,1-2015
20,tt0146592,drama,Pál Adrienn,Movie,6-2010
21,tt0154039,drama,Oda az igazság,Movie,2-2010
22,tt0162942,drama,A zöld sárkány gyermekei,Movie,4-2010
23,tt0200641,drama,Flexing with Monty,Video,1-2010
24,tt0230212,drama,The Final Journey,Movie,9-2010
25,tt0326965,drama,In My Sleep,Movie,4-2010
26,tt0331312,drama,This Wretched Life,Movie,7-2010
28,tt0370451,drama,Death of a Nation,Short,6-2010
29,tt0374463,drama,The Pacific,TV Mini Series,4-2010
30,tt0118141,drama,What Is It?,Movie,1-2005
31,tt0121164,drama,Corpse Bride,Movie,11-2005
32,tt0135986,drama,Mort,Video,10-2005
33,tt0146272,drama,Shooting Vegetarians,Movie,2-2005
34,tt0160706,drama,The Prodigy,Movie,4-2005
38,tt0196155,drama,Thousands of Miles,Movie,1-2005
39,tt0195565,drama,Death-Defying Acts,Movie,5-2005
41,tt0111056,drama,Gensomaden Saiyuki,TV Series,4-2000
42,tt0113092,drama,For the Cause,Movie,5-2000
43,tt0113086,drama,Florentino y el diablo,Movie,4-2000
44,tt0116748,drama,Karobaar: The Business of Love,Movie,9-2000
45,tt0115874,drama,Chateaubriand - Cabeça de Paraíba,Short,12-2000
46,tt0116391,drama,Gang,Movie,4-2000
48,tt0118694,drama,Fa yeung nin wah,Movie,3-2000
49,tt0119027,drama,Dumped,Video,12-2000
50,tt0082631,drama,Krótki dzien pracy,TV Movie,6-1995
51,tt0100267,drama,Nobat e Asheghi,Movie,9-1995
52,tt0102165,drama,Johnny's Girl,TV Movie,5-1995
53,tt0102739,drama,¡Que vivan los crotos!,Movie,3-1995
54,tt0105096,drama,Paraíso Perdido,Movie,11-1995
55,tt0105298,drama,Running Wild,Movie,3-1995
56,tt0106647,drama,Dafydd,TV Episode,1-1995
57,tt0106616,drama,Las cosas del querer 2ª parte,Movie,3-1995
58,tt0107070,drama,Halbe Welt,Movie,2-1995
59,tt0106329,drama,The Awakening,TV Movie,11-1995
60,tt0059325,drama,Jahrgang 45,Movie,10-1990
61,tt0059900,drama,"Wenn du groß bist, lieber Adam",Movie,10-1990
62,tt0065188,drama,"Vojtech, receny sirotek",Movie,10-1990
63,tt0068494,drama,Domo Arigato,Movie,8-1990
64,tt0075259,drama,Spy Story,Movie,3-1990
65,tt0081721,drama,Vincent et moi,Movie,12-1990
66,tt0088283,drama,Tod durch elektrischen Strom,TV Episode,10-1990
67,tt0090008,drama,Shattered Dreams,TV Movie,4-1990
68,tt0090665,drama,Asfour Stah,Movie,3-1990
69,tt0093646,drama,Nonstop,Short,2-1990
70,tt0446792,comedy,Surviving in L.A.,Movie,8-2020
71,tt0588659,comedy,Unaired Pilot,TV Episode,11-2020
72,tt0786783,comedy,Episode #22.1,TV Episode,10-2020
73,tt0805647,comedy,The Witches,Movie,11-2020
74,tt10001184,comedy,"""Gallavich!""",TV Episode,1-2020
75,tt10006418,comedy,Avocado Toast the series,TV Series,5-2020
76,tt10005628,comedy,Right Back Where We Started,TV Episode,7-2020
77,tt10004368,comedy,Jak najdalej stad,Movie,8-2020
78,tt10005078,comedy,Paranoia Tapes: URBAN LEGEND,Short,2-2020
79,tt10006792,comedy,The Singapore Grip,TV Episode,11-2020
81,tt0191476,comedy,Soapte de amor,Movie,4-2015
82,tt0346045,comedy,Transeúntes,Movie,4-2015
83,tt0420097,comedy,Prozac tango,Short,11-2015
84,tt0478970,comedy,Ant-Man,Movie,7-2015
85,tt0884732,comedy,The Wedding Ringer,Movie,3-2015
90,tt0200641,comedy,Flexing with Monty,Video,1-2010
91,tt0331312,comedy,This Wretched Life,Movie,7-2010
93,tt0393049,comedy,Anderson's Cross,Movie,5-2010
94,tt0398286,comedy,Tangled,Movie,12-2010
95,tt0423474,comedy,Venus & Vegas,Movie,11-2010
96,tt0427152,comedy,Dinner for Schmucks,Movie,8-2010
97,tt0435761,comedy,Toy Story 3,Movie,6-2010
98,tt0449005,comedy,Diary of a Bad Lad,Movie,2-2010
99,tt0446029,comedy,Scott Pilgrim vs. the World,Movie,11-2010
100,tt0088751,comedy,The Naked Monster,Movie,4-2005
101,tt0135986,comedy,Mort,Video,10-2005
102,tt0146272,comedy,Shooting Vegetarians,Movie,2-2005
103,tt0159790,comedy,Three,Movie,8-2005
104,tt0167011,comedy,Avaruuden teurastajat,Video,2-2005
105,tt0179803,comedy,Angels with Angles,Movie,12-2005
106,tt0216584,comedy,Bob the Butler,Movie,1-2005
107,tt0216746,comedy,Bad Girls from Valley High,Movie,3-2005
111,tt0111056,comedy,Gensomaden Saiyuki,TV Series,4-2000
112,tt0119027,comedy,Dumped,Video,12-2000
113,tt0119495,comedy,Love 101,Movie,2-2000
114,tt0119806,comedy,Nothing Sacred,Movie,11-2000
115,tt0120202,comedy,State and Main,Movie,7-2000
116,tt0123003,comedy,Bruno,Movie,4-2000
117,tt0120263,comedy,Sånger från andra våningen,Movie,9-2000
118,tt0123055,comedy,The Elf Who Didn't Believe,Movie,9-2000
119,tt0120630,comedy,Chicken Run,Movie,9-2000
121,tt0099694,comedy,Grandpa's Funeral,TV Movie,4-1995
122,tt0102952,comedy,Prima Donnas,Movie,4-1995
123,tt0101616,comedy,Coolie No. 1,Movie,6-1995
125,tt0103480,comedy,Lotta på Bråkmakargatan,TV Series,1-1995
126,tt0108576,comedy,Witch Academy,Movie,12-1995
127,tt0108867,comedy,The Mrs. Merton Show,TV Series,2-1995
128,tt0107537,comedy,Mécaniques célestes,Movie,5-1995
129,tt0108158,comedy,Skutki noszenia kapelusza w maju,TV Movie,5-1995
130,tt0090665,comedy,Asfour Stah,Movie,3-1990
131,tt0093082,comedy,Das Gelächter des Suppenhuhns,TV Movie,1-1990
132,tt0092330,comedy,Casino Royal,TV Series,1-1990
134,tt0095840,comedy,Payback,Movie,4-1990
135,tt0095673,comedy,La mujer oriental,TV Episode,2-1990
136,tt0095674,comedy,La mujer perdida,TV Episode,3-1990
137,tt0097253,comedy,Dezha vyu,Movie,4-1990
138,tt0096506,comedy,Zhong Ri nan bei he,Movie,5-1990
139,tt0096588,comedy,Fredrikssons fabrikk,TV Series,9-1990
140,tt0849437,Action,Duel of Legends,Movie,8-2020
141,tt0926132,Action,Road to Red,Movie,1-2020
142,tt0983946,Action,Fantasy Island,Movie,2-2020
143,tt10005628,Action,Right Back Where We Started,TV Episode,7-2020
144,tt10011184,Action,Like.Share.Repost.,Short,4-2020
145,tt10011228,Action,Hunted,Movie,9-2020
146,tt10011298,Action,Dragon's Dogma,TV Series,9-2020
147,tt10014102,Action,Escape or Die,TV Episode,10-2020
148,tt10009170,Action,Blood of Zeus,TV Series,10-2020
149,tt10014062,Action,A Monster is Born,TV Episode,10-2020
150,tt0369610,Action,Jurassic World,Movie,6-2015
151,tt0478970,Action,Ant-Man,Movie,7-2015
152,tt10004934,Action,Oscar Buzz,Short,12-2015
160,tt0374463,Action,The Pacific,TV Mini Series,4-2010
161,tt0390197,Action,Young Alexander the Great,Video,12-2010
162,tt0411951,Action,Tekken,Movie,3-2010
163,tt0423474,Action,Venus & Vegas,Movie,11-2010
164,tt0429493,Action,The A-Team,Movie,6-2010
165,tt0439801,Action,Segurança Nacional,Movie,5-2010
166,tt0446029,Action,Scott Pilgrim vs. the World,Movie,11-2010
169,tt0464162,Action,Komaram Puli,Movie,9-2010
170,tt0121766,Action,Star Wars: Episode III - Revenge of the Sith,Movie,5-2005
171,tt0120667,Action,Fantastic Four,Movie,7-2005
172,tt0167011,Action,Avaruuden teurastajat,Video,2-2005
173,tt0228040,Action,Ice Queen,Video,2-2005
174,tt0228906,Action,Striptease Baby Dolls from Cleveland Meet the Unkillables,Movie,12-2005
175,tt0244306,Action,Wilson Chance,Movie,12-2005
176,tt0270882,Action,The Karate Dog,TV Movie,7-2005
177,tt0290747,Action,Man-Thing,Movie,4-2005
178,tt0295590,Action,The Sea Wolf,Movie,3-2005
179,tt0301265,Action,Dark Assassin,Movie,11-2005
181,tt0111056,Action,Gensomaden Saiyuki,TV Series,4-2000
182,tt0113092,Action,For the Cause,Movie,5-2000
183,tt0116391,Action,Gang,Movie,4-2000
184,tt0116628,Action,The Incorporated,Movie,5-2000
185,tt0119273,Action,Heavy Metal 2000,Movie,5-2000
186,tt0120755,Action,Mission: Impossible II,Movie,7-2000
187,tt0120913,Action,Titan A.E.,Movie,8-2000
189,tt0120903,Action,X-Men,Movie,9-2000
190,tt0101616,Action,Coolie No. 1,Movie,6-1995
192,tt0109178,Action,Automatic,Movie,3-1995
193,tt0109100,Action,Americanski Blues,TV Movie,8-1995
194,tt0109301,Action,Bloodfist VI: Ground Zero,Video,1-1995
195,tt0109314,Action,Bolt,Video,12-1995
196,tt0109552,Action,Darkman II: The Return of Durant,Video,7-1995
197,tt0109033,Action,Abducted II: The Reunion,Movie,1-1995
198,tt0109536,Action,The Dangerous,Movie,9-1995
199,tt0109633,Action,Dirty Pair Flash,TV Series,1-1995
200,tt0075259,Action,Spy Story,Movie,3-1990
202,tt0092926,Action,Dragon Hunt,Movie,6-1990
203,tt0094376,Action,Huang jia shi jie zhi: Zhong jian ren,Movie,6-1990
204,tt0094004,Action,Soldier of Fortune,Movie,4-1990
205,tt0093989,Action,Xian sha lu,Movie,11-1990
206,tt0095095,Action,Emperor of the Bronx,Movie,4-1990
207,tt0095290,Action,Hei hai ba wang hua,Movie,9-1990
208,tt0095840,Action,Payback,Movie,4-1990
209,tt0096469,Action,Wu ye tian shi,Movie,10-1990
210,tt0805647,Fantasy,The Witches,Movie,11-2020
211,tt0983946,Fantasy,Fantasy Island,Movie,2-2020
212,tt10005628,Fantasy,Right Back Where We Started,TV Episode,7-2020
213,tt10006160,Fantasy,Kala azar,Movie,8-2020
214,tt10011298,Fantasy,Dragon's Dogma,TV Series,9-2020
215,tt10014102,Fantasy,Escape or Die,TV Episode,10-2020
216,tt10009170,Fantasy,Blood of Zeus,TV Series,10-2020
217,tt10014062,Fantasy,A Monster is Born,TV Episode,10-2020
218,tt10014052,Fantasy,The Raid,TV Episode,10-2020
219,tt10014140,Fantasy,Back to Olympus,TV Episode,10-2020
230,tt0398286,Fantasy,Tangled,Movie,12-2010
231,tt0417610,Fantasy,Dormir al sol,Movie,3-2010
232,tt0435761,Fantasy,Toy Story 3,Movie,6-2010
233,tt0446029,Fantasy,Scott Pilgrim vs. the World,Movie,11-2010
234,tt0464154,Fantasy,Piranha 3D,Movie,9-2010
235,tt0473075,Fantasy,Prince of Persia: The Sands of Time,Movie,5-2010
236,tt0478660,Fantasy,El horror de la dama del lago,Movie,10-2010
237,tt0493949,Fantasy,Ramona and Beezus,Movie,7-2010
239,tt0765465,Fantasy,The Legend of Secret Pass,Movie,1-2010
240,tt0121766,Fantasy,Star Wars: Episode III - Revenge of the Sith,Movie,5-2005
241,tt0120667,Fantasy,Fantastic Four,Movie,7-2005
242,tt0121164,Fantasy,Corpse Bride,Movie,11-2005
244,tt0228040,Fantasy,Ice Queen,Video,2-2005
246,tt0243462,Fantasy,Mee-Shee: The Water Giant,Movie,8-2005
247,tt0312004,Fantasy,The Curse of the Were-Rabbit,Movie,10-2005
248,tt0327660,Fantasy,Lung do kei yuen,Movie,1-2005
249,tt0330260,Fantasy,God Part II,Video,11-2005
250,tt0113092,Fantasy,For the Cause,Movie,5-2000
251,tt0119273,Fantasy,Heavy Metal 2000,Movie,5-2000
252,tt0120917,Fantasy,The Emperor's New Groove,Movie,6-2000
253,tt0130623,Fantasy,Dinosaur,Movie,6-2000
254,tt0132910,Fantasy,The Crow: Salvation,Movie,6-2000
255,tt0131704,Fantasy,The Adventures of Rocky & Bullwinkle,Movie,6-2000
256,tt0138749,Fantasy,The Road to El Dorado,Movie,10-2000
257,tt0144964,Fantasy,Highlander: Endgame,Movie,9-2000
258,tt0144574,Fantasy,Red Lipstick,Movie,4-2000
259,tt0146984,Fantasy,The Legend of Bagger Vance,Movie,5-2000
261,tt0108158,Fantasy,Skutki noszenia kapelusza w maju,TV Movie,5-1995
262,tt0109400,Fantasy,Charlie's Ghost Story,Movie,12-1995
263,tt0109746,Fantasy,Esti Kornél csodálatos utazása,Movie,4-1995
264,tt0109666,Fantasy,Dream a Little Dream 2,Video,2-1995
265,tt0109905,Fantasy,Gladiator Cop,Movie,5-1995
266,tt0110252,Fantasy,Keita! L'héritage du griot,Movie,10-1995
267,tt0111970,Fantasy,Freakazoid!,TV Series,9-1995
268,tt0110826,Fantasy,The Phoenix and the Magic Carpet,Movie,11-1995
269,tt0111359,Fantasy,Tall Tale,Movie,3-1995
270,tt0059900,Fantasy,"Wenn du groß bist, lieber Adam",Movie,10-1990
271,tt0081721,Fantasy,Vincent et moi,Movie,12-1990
272,tt0092382,Fantasy,Mother Goose Stories,TV Series,3-1990
274,tt0094874,Fantasy,Chu tu qi bing,Movie,5-1990
275,tt0096591,Fantasy,Fushigi no umi no Nadia,TV Series,4-1990
276,tt0097638,Fantasy,Hoi sum gwai gau hoi sum gwai,Movie,6-1990
277,tt0097763,Fantasy,Living with Dinosaurs,TV Episode,12-1990
278,tt0098834,Fantasy,The Storyteller: Greek Myths,TV Mini Series,4-1990
279,tt0097657,Fantasy,Filipp Traum,TV Movie,9-1990
280,tt0093119,,Grizzly II: The Predator,Movie,1-2020
281,tt0805647,,The Witches,Movie,11-2020
282,tt0926132,,Road to Red,Movie,1-2020
283,tt0983946,,Fantasy Island,Movie,2-2020
284,tt10004744,,Chapter One: The Singing Bones,TV Episode,2-2020
285,tt10003994,,Seeds,Movie,8-2020
286,tt10005078,,Paranoia Tapes: URBAN LEGEND,Short,2-2020
287,tt10003008,,The Rental,Movie,7-2020
288,tt10004108,,Sacrifice,Movie,10-2020
289,tt10005772,,The Last Queen on Earth,Short,8-2020
291,tt10029522,,Targets,TV Episode,1-2015
292,tt10034000,,Vlog - Unfriended,TV Episode,4-2015
293,tt10034050,,Vlog - Spring,TV Episode,8-2015
294,tt10033966,,Vlog - Wyrmwood,TV Episode,2-2015
295,tt10034058,,Vlog - The Taking of Deborah Logan,TV Episode,9-2015
296,tt10034018,,Vlog - Late Phases,TV Episode,5-2015
297,tt10034016,,Vlog - Mad Max: Fury Road,TV Episode,5-2015
298,tt10034030,,Vlog - What We Do in the Shadows,TV Episode,6-2015
299,tt10034062,,Vlog - Goosebumps,TV Episode,10-2015
300,tt0200641,,Flexing with Monty,Video,1-2010
302,tt0445054,,Les 7 jours du talion,Movie,11-2010
303,tt0455407,,The Crazies,Movie,4-2010
304,tt0462516,,Satan Hates You,Movie,10-2010
305,tt0464154,,Piranha 3D,Movie,9-2010
306,tt0466662,,Alan Wake,Video Game,5-2010
307,tt0478660,,El horror de la dama del lago,Movie,10-2010
308,tt0479204,,Perfect Life,Movie,2-2010
309,tt0490236,,The Invited,Movie,3-2010
310,tt0088751,,The Naked Monster,Movie,4-2005
311,tt0167011,,Avaruuden teurastajat,Video,2-2005
312,tt0228040,,Ice Queen,Video,2-2005
313,tt0248709,,Blood Trail,Video,4-2005
314,tt0257516,,Cursed,Movie,4-2005
315,tt0264323,,2001 Maniacs,Movie,7-2005
316,tt0267506,,Frankenstein & the Werewolf Reborn!,Movie,11-2005
317,tt0274509,,From Venus,Movie,10-2005
318,tt0290747,,Man-Thing,Movie,4-2005
319,tt0303929,,Dracula III: Legacy,Video,2-2005
321,tt0134084,,Scream 3,Movie,4-2000
322,tt0134983,,Supernova,Movie,6-2000
323,tt0134847,,Pitch Black,Movie,11-2000
324,tt0138408,,Drainiac!,Video,10-2000
326,tt0144084,,American Psycho,Movie,9-2000
327,tt0148120,,Eyes to Heaven,Movie,3-2000
328,tt0156020,,Ricky 6,Movie,4-2000
329,tt0156984,,Sacrifice,TV Movie,6-2000
330,tt0108576,,Witch Academy,Movie,12-1995
331,tt0109546,,Temptress,Movie,4-1995
332,tt0109552,,Darkman II: The Return of Durant,Video,7-1995
334,tt0109415,,Children of the Corn III: Urban Harvest,Movie,6-1995
335,tt0109723,,Embrace of the Vampire,Movie,6-1995
336,tt0110604,,Mute Witness,Movie,2-1995
337,tt0111574,,The Upstairs Neighbour,Movie,12-1995
338,tt0111464,,Toughguy,Movie,1-1995
339,tt0111244,,Sorceress,Movie,5-1995
341,tt0094997,,Demonia,Movie,10-1990
342,tt0096871,,Baby Blood,Movie,1-1990
343,tt0096830,,Aquí huele a muerto... (¡pues yo no he sido!),Movie,1-1990
344,tt0095878,,Pledge Night,Movie,12-1990
345,tt0096954,,Bloodmoon,Movie,3-1990
346,tt0097726,,Legion of Iron,Movie,8-1990
347,tt0097638,,Hoi sum gwai gau hoi sum gwai,Movie,6-1990
348,tt0098136,,Prom Night III: The Last Kiss,Movie,11-1990
349,tt0099180,,Bride of Re-Animator,Movie,7-1990
350,tt0805647,Mystery,The Witches,Movie,11-2020
351,tt0983946,Mystery,Fantasy Island,Movie,2-2020
352,tt10003008,Mystery,The Rental,Movie,7-2020
353,tt10004108,Mystery,Sacrifice,Movie,10-2020
354,tt10011156,Mystery,Decoherence,TV Episode,4-2020
355,tt10011154,Mystery,Genre,TV Episode,4-2020
356,tt10011150,Mystery,The Absence of Field,TV Episode,3-2020
357,tt10011152,Mystery,The Mother of Exiles,TV Episode,4-2020
358,tt10011158,Mystery,Passed Pawn,TV Episode,4-2020
359,tt10011160,Mystery,Crisis Theory,TV Episode,5-2020
360,tt10025766,Mystery,Endless Night,Short,9-2015
361,tt10033844,Mystery,Tales of Evil,TV Episode,10-2015
363,tt10056262,Mystery,The First Act,Short,12-2015
364,tt1014763,Mystery,Child 44,Movie,5-2015
365,tt10151952,Mystery,Episode #1.2,TV Episode,7-2015
366,tt10152446,Mystery,Episode #1.3,TV Episode,7-2015
367,tt10156804,Mystery,Episode #1.6,TV Episode,8-2015
368,tt10159848,Mystery,Episode #1.13,TV Episode,9-2015
369,tt10156976,Mystery,Episode #1.7,TV Episode,8-2015
370,tt0200641,Mystery,Flexing with Monty,Video,1-2010
371,tt0326965,Mystery,In My Sleep,Movie,4-2010
372,tt0390197,Mystery,Young Alexander the Great,Video,12-2010
373,tt0419692,Mystery,Disconnect,Movie,8-2010
374,tt0455407,Mystery,The Crazies,Movie,4-2010
375,tt0466662,Mystery,Alan Wake,Video Game,5-2010
376,tt0480255,Mystery,The Losers,Movie,4-2010
377,tt0497352,Mystery,Darkstar: The Interactive Movie,Video Game,11-2010
378,tt0872230,Mystery,My Soul to Take,Movie,10-2010
379,tt0901504,Mystery,Psych:9,Movie,5-2010
381,tt0204322,Mystery,Firecracker,Movie,10-2005
383,tt0304356,Mystery,Love Thy Neighbor,Movie,9-2005
384,tt0312004,Mystery,The Curse of the Were-Rabbit,Movie,10-2005
385,tt0324107,Mystery,Los suicidas,Movie,10-2005
386,tt0330373,Mystery,Harry Potter and the Goblet of Fire,Movie,11-2005
387,tt0337636,Mystery,Hellraiser: Deader,Video,10-2005
388,tt0337656,Mystery,Keep Your Distance,Movie,8-2005
389,tt0342882,Mystery,The PianoTuner of EarthQuakes,Movie,2-2005
390,tt0120753,Mystery,The Million Dollar Hotel,Movie,5-2000
391,tt0127349,Mystery,Waking the Dead,Movie,3-2000
392,tt0132910,Mystery,The Crow: Salvation,Movie,6-2000
393,tt0134084,Mystery,Scream 3,Movie,4-2000
394,tt0156984,Mystery,Sacrifice,TV Movie,6-2000
395,tt0160495,Mystery,Luckytown,Movie,4-2000
396,tt0160644,Mystery,Passion of Mind,Movie,6-2000
397,tt0160289,Mystery,Four Dogs Playing Poker,Movie,6-2000
398,tt0161081,Mystery,What Lies Beneath,Movie,10-2000
399,tt0162711,Mystery,Trixie,Movie,8-2000
400,tt0108826,Mystery,Kavanagh QC,TV Series,1-1995
401,tt0108873,Mystery,Mördare utan ansikte,TV Mini Series,9-1995
402,tt0109028,Mystery,Á köldum klaka,Movie,8-1995
403,tt0109264,Mystery,The Bicyclist,Short,10-1995
404,tt0109642,Mystery,Dolores Claiborne,Movie,1-1995
405,tt0109156,Mystery,As Good as Dead,TV Movie,5-1995
406,tt0110217,Mystery,Jupiter's Wife,Movie,9-1995
407,tt0111151,Mystery,Mad Dogs and Englishmen,Movie,6-1995
408,tt0110861,Mystery,1A Landeier,TV Episode,4-1995
409,tt0111269,Mystery,Die Knickerbocker-Bande: Das sprechende Grab,Movie,12-1995
410,tt0075259,Mystery,Spy Story,Movie,3-1990
411,tt0088283,Mystery,Tod durch elektrischen Strom,TV Episode,10-1990
413,tt0094997,Mystery,Demonia,Movie,10-1990
414,tt0096177,Mystery,Still Life,Movie,11-1990
415,tt0097088,Mystery,"Rest in Peace, Mrs. Columbo",TV Episode,3-1990
416,tt0095783,Mystery,One Last Chance,TV Episode,10-1990
417,tt0096724,Mystery,Vkhod v labirint,TV Mini Series,5-1990
418,tt0097091,Mystery,Uneasy Lies the Crown,TV Episode,4-1990
419,tt0097573,Mystery,In the Cold of the Night,Movie,12-1990
420,tt0446792,Romance,Surviving in L.A.,Movie,8-2020
421,tt10006418,Romance,Avocado Toast the series,TV Series,5-2020
422,tt10006792,Romance,The Singapore Grip,TV Episode,11-2020
423,tt10006866,Romance,Engagement,TV Episode,10-2020
424,tt10006852,Romance,The Great World,TV Episode,10-2020
425,tt10006768,Romance,Singapore for Beginners,TV Episode,10-2020
426,tt10006806,Romance,The Human Condition,TV Episode,11-2020
427,tt10006824,Romance,Survival Instinct,TV Episode,11-2020
428,tt10023074,Romance,Drop,Short,10-2020
429,tt10023172,Romance,Passion simple,Movie,8-2020
430,tt0790770,Romance,Miles Ahead,Movie,4-2015
431,tt0810819,Romance,The Danish Girl,Movie,1-2015
432,tt0850678,Romance,Jackson Arms,Movie,10-2015
433,tt0977643,Romance,Chooriyan,Movie,6-2015
434,tt10014342,Romance,Episode #1.18,TV Episode,10-2015
435,tt10014348,Romance,Episode #1.21,TV Episode,11-2015
436,tt10014350,Romance,Episode #1.22,TV Episode,11-2015
437,tt10014344,Romance,Episode #1.19,TV Episode,10-2015
438,tt10014346,Romance,Episode #1.20,TV Episode,11-2015
439,tt10014340,Romance,Episode #1.17,TV Episode,10-2015
440,tt0393049,Romance,Anderson's Cross,Movie,5-2010
441,tt0398286,Romance,Tangled,Movie,12-2010
442,tt0437462,Romance,"Cargo, les hommes perdus.",Movie,8-2010
443,tt0443331,Romance,Milenge Milenge,Movie,7-2010
444,tt0446029,Romance,Scott Pilgrim vs. the World,Movie,11-2010
445,tt0464154,Romance,Piranha 3D,Movie,9-2010
446,tt0482461,Romance,Barry Munday,Movie,3-2010
447,tt0482459,Romance,Bandeiji,Movie,1-2010
449,tt0515077,Romance,Episode dated 28 November 2010,TV Episode,11-2010
450,tt0121164,Romance,Corpse Bride,Movie,11-2005
451,tt0135986,Romance,Mort,Video,10-2005
452,tt0216746,Romance,Bad Girls from Valley High,Movie,3-2005
455,tt0285682,Romance,Alchemy,Movie,4-2005
457,tt0290747,Romance,Man-Thing,Movie,4-2005
458,tt0294870,Romance,Rent,Movie,11-2005
459,tt0295605,Romance,Going Shopping,Movie,9-2005
461,tt0113026,Romance,The Fantasticks,Movie,9-2000
462,tt0116748,Romance,Karobaar: The Business of Love,Movie,9-2000
463,tt0118694,Romance,Fa yeung nin wah,Movie,3-2000
464,tt0119027,Romance,Dumped,Video,12-2000
465,tt0119866,Romance,Passionnément,Movie,5-2000
466,tt0119495,Romance,Love 101,Movie,2-2000
467,tt0119806,Romance,Nothing Sacred,Movie,11-2000
468,tt0122459,Romance,Return to Me,Movie,6-2000
470,tt0100267,Romance,Nobat e Asheghi,Movie,9-1995
471,tt0101616,Romance,Coolie No. 1,Movie,6-1995
472,tt0106329,Romance,The Awakening,TV Movie,11-1995
473,tt0109363,Romance,Seeking the Cafe Bob,Movie,10-1995
474,tt0109282,Romance,Black Fox,TV Movie,7-1995
475,tt0109489,Romance,Costa Brava,Movie,8-1995
476,tt0108979,Romance,Verbotene Liebe,TV Series,1-1995
477,tt0109559,Romance,Dazzle,TV Movie,10-1995
478,tt0109242,Romance,El beso perfecto,Short,7-1995
479,tt0109527,Romance,Dama kameliowa,TV Movie,12-1995
480,tt0059325,Romance,Jahrgang 45,Movie,10-1990
481,tt0095673,Romance,La mujer oriental,TV Episode,2-1990
482,tt0095674,Romance,La mujer perdida,TV Episode,3-1990
483,tt0096585,Romance,Flair,TV Mini Series,8-1990
484,tt0096597,Romance,"Goede tijden, slechte tijden",TV Series,10-1990
485,tt0095783,Romance,One Last Chance,TV Episode,10-1990
486,tt0096025,Romance,Sailors Don't Cry,Movie,6-1990
487,tt0095670,Romance,La mujer de tu vida,TV Series,2-1990
488,tt0095671,Romance,La mujer fría,TV Episode,3-1990
489,tt0095672,Romance,La mujer infiel,TV Episode,3-1990
490,tt0093119,Thriller,Grizzly II: The Predator,Movie,1-2020
491,tt0926132,Thriller,Road to Red,Movie,1-2020
492,tt0983946,Thriller,Fantasy Island,Movie,2-2020
494,tt10005078,Thriller,Paranoia Tapes: URBAN LEGEND,Short,2-2020
495,tt10003008,Thriller,The Rental,Movie,7-2020
496,tt10004108,Thriller,Sacrifice,Movie,10-2020
497,tt10008112,Thriller,They Never Lie,Short,11-2020
498,tt10011228,Thriller,Hunted,Movie,9-2020
499,tt10011098,Thriller,Blutiger Beton,TV Episode,5-2020
501,tt0420293,Thriller,The Stanford Prison Experiment,Movie,7-2015
510,tt0326965,Thriller,In My Sleep,Movie,4-2010
511,tt0411951,Thriller,Tekken,Movie,3-2010
512,tt0419692,Thriller,Disconnect,Movie,8-2010
513,tt0429493,Thriller,The A-Team,Movie,6-2010
515,tt0445054,Thriller,Les 7 jours du talion,Movie,11-2010
516,tt0455407,Thriller,The Crazies,Movie,4-2010
517,tt0463311,Thriller,Federal,Movie,10-2010
518,tt0464162,Thriller,Komaram Puli,Movie,9-2010
519,tt0466662,Thriller,Alan Wake,Video Game,5-2010
520,tt0160706,Thriller,The Prodigy,Movie,4-2005
523,tt0204322,Thriller,Firecracker,Movie,10-2005
524,tt0219171,Thriller,Ripley Under Ground,Movie,10-2005
525,tt0227189,Thriller,Cl.One,Movie,3-2005
526,tt0228040,Thriller,Ice Queen,Video,2-2005
527,tt0261759,Thriller,Imposture,Movie,5-2005
528,tt0289016,Thriller,Wanted,TV Series,10-2005
529,tt0295590,Thriller,The Sea Wolf,Movie,3-2005
530,tt0113092,Thriller,For the Cause,Movie,5-2000
531,tt0116391,Thriller,Gang,Movie,4-2000
532,tt0116628,Thriller,The Incorporated,Movie,5-2000
533,tt0120755,Thriller,Mission: Impossible II,Movie,7-2000
534,tt0119966,Thriller,Pushing the Envelope,Movie,4-2000
535,tt0120467,Thriller,Vulgar,Movie,9-2000
536,tt0122161,Thriller,Lured Innocence,Movie,2-2000
537,tt0120117,Thriller,Shikari,Movie,10-2000
538,tt0120753,Thriller,The Million Dollar Hotel,Movie,5-2000
539,tt0120698,Thriller,The Highwayman,Movie,4-2000
541,tt0108873,Thriller,Mördare utan ansikte,TV Mini Series,9-1995
542,tt0109034,Thriller,Above Suspicion,Movie,5-1995
543,tt0109178,Thriller,Automatic,Movie,3-1995
544,tt0109100,Thriller,Americanski Blues,TV Movie,8-1995
545,tt0109546,Thriller,Temptress,Movie,4-1995
546,tt0109552,Thriller,Darkman II: The Return of Durant,Video,7-1995
547,tt0109033,Thriller,Abducted II: The Reunion,Movie,1-1995
548,tt0109532,Thriller,Dangerous Indiscretion,Movie,5-1995
549,tt0109536,Thriller,The Dangerous,Movie,9-1995
550,tt0075259,Thriller,Spy Story,Movie,3-1990
551,tt0088283,Thriller,Tod durch elektrischen Strom,TV Episode,10-1990
552,tt0088656,Thriller,Za Rippaa (The Ripper),TV Episode,8-1990
553,tt0088655,Thriller,AD Police Files,TV Series,5-1990
554,tt0088657,Thriller,Shita wo kamu otoko (The Man Who Bites His Tongue),TV Episode,11-1990
555,tt0094004,Thriller,Soldier of Fortune,Movie,4-1990
557,tt0094666,Thriller,Any Man's Death,Movie,5-1990
558,tt0094857,Thriller,Chi se da feng bao,Movie,3-1990
559,tt0095840,Thriller,Payback,Movie,4-1990
